--
-- This file contains definitions for all of the tables with
-- the exception of the price data.
--
-- Price data is stored in a non-SQL format in the top level
-- in a file called "TradeDangerous.prices"
--
-- If either file is changed, TradeDangerous will rebuild it's
-- sqlite3 database the next time it's run.
--
-- You can edit this file, if you really need to, if you know
-- what you are doing. Or you can use the 'sqlite3' command
-- to edit the .db database and then use the '.dump' command
-- to regenerate this file, except then you'll lose this nice
-- header and I might have to wag my finger at you.
--
-- -Oliver

PRAGMA foreign_keys=ON;

BEGIN TRANSACTION;

CREATE TABLE System
 (
   system_id INTEGER PRIMARY KEY AUTOINCREMENT,
   name VARCHAR(40) COLLATE nocase,
   pos_x DOUBLE NOT NULL,
   pos_y DOUBLE NOT NULL,
   pos_z DOUBLE NOT NULL,
   modified DATETIME DEFAULT CURRENT_TIMESTAMP NOT NULL,

   UNIQUE (name)
 );
INSERT INTO "System" VALUES(1,'26 Draconis',-39.0,24.90625,-0.65625,'2014-08-26 15:22:38');
INSERT INTO "System" VALUES(2,'Acihaut',-18.5,25.28125,-4.0,'2014-08-26 15:22:38');
INSERT INTO "System" VALUES(3,'Aganippe',-11.5625,43.8125,11.625,'2014-08-26 15:22:38');
INSERT INTO "System" VALUES(4,'Asellus Primus',-23.9375,40.875,-1.34375,'2014-08-26 15:22:38');
INSERT INTO "System" VALUES(5,'Aulin',-19.6875,32.6875,4.75,'2014-08-26 15:22:38');
INSERT INTO "System" VALUES(6,'Aulis',-16.46875,44.1875,-11.4375,'2014-08-26 15:22:38');
INSERT INTO "System" VALUES(7,'BD+47 2112',-14.78125,33.46875,-0.40625,'2014-08-26 15:22:38');
INSERT INTO "System" VALUES(8,'BD+55 1519',-16.9375,44.71875,-16.59375,'2014-08-26 15:22:38');
INSERT INTO "System" VALUES(9,'Bolg',-7.90625,34.71875,2.125,'2014-08-26 15:22:38');
INSERT INTO "System" VALUES(10,'Chi Herculis',-30.75,39.71875,12.78125,'2014-08-26 15:22:38');
INSERT INTO "System" VALUES(11,'CM Draco',-35.6875,30.9375,2.15625,'2014-08-26 15:22:38');
INSERT INTO "System" VALUES(12,'Dahan',-19.75,41.78125,-3.1875,'2014-08-26 15:22:38');
INSERT INTO "System" VALUES(13,'DN Draconis',-27.09375,21.625,0.78125,'2014-08-26 15:22:38');
INSERT INTO "System" VALUES(14,'DP Draconis',-17.5,25.96875,-11.375,'2014-08-26 15:22:38');
INSERT INTO "System" VALUES(15,'Eranin',-22.84375,36.53125,-1.1875,'2014-08-26 15:22:38');
INSERT INTO "System" VALUES(16,'G 239-25',-22.6875,25.8125,-6.6875,'2014-08-26 15:22:38');
INSERT INTO "System" VALUES(17,'GD 319',-19.375,43.625,-12.75,'2014-08-26 15:22:38');
INSERT INTO "System" VALUES(18,'h Draconis',-39.84375,29.5625,-3.90625,'2014-08-26 15:22:38');
INSERT INTO "System" VALUES(19,'Hermitage',-28.75,25.0,10.4375,'2014-08-26 15:22:38');
INSERT INTO "System" VALUES(20,'i Bootis',-22.375,34.84375,4.0,'2014-08-26 15:22:38');
INSERT INTO "System" VALUES(21,'Ithaca',-8.09375,44.9375,-9.28125,'2014-08-26 15:22:38');
INSERT INTO "System" VALUES(22,'Keries',-18.90625,27.21875,12.59375,'2014-08-26 15:22:38');
INSERT INTO "System" VALUES(23,'Lalande 29917',-26.53125,22.15625,-4.5625,'2014-08-26 15:22:38');
INSERT INTO "System" VALUES(24,'LFT 1361',-38.78125,24.71875,-0.5,'2014-08-26 15:22:38');
INSERT INTO "System" VALUES(25,'LFT 880',-22.8125,31.40625,-18.34375,'2014-08-26 15:22:38');
INSERT INTO "System" VALUES(26,'LFT 992',-7.5625,42.59375,0.6875,'2014-08-26 15:22:38');
INSERT INTO "System" VALUES(27,'LHS 2819',-30.5,38.5625,-13.4375,'2014-08-26 15:22:38');
INSERT INTO "System" VALUES(28,'LHS 2884',-22.0,48.40625,1.78125,'2014-08-26 15:22:38');
INSERT INTO "System" VALUES(29,'LHS 2887',-7.34375,26.78125,5.71875,'2014-08-26 15:22:38');
INSERT INTO "System" VALUES(30,'LHS 3006',-21.96875,29.09375,-1.71875,'2014-08-26 15:22:38');
INSERT INTO "System" VALUES(31,'LHS 3262',-24.125,18.84375,4.90625,'2014-08-26 15:22:38');
INSERT INTO "System" VALUES(32,'LHS 417',-18.3125,18.1875,4.90625,'2014-08-26 15:22:38');
INSERT INTO "System" VALUES(33,'LHS 5287',-36.40625,48.1875,-0.78125,'2014-08-26 15:22:38');
INSERT INTO "System" VALUES(34,'LHS 6309',-33.5625,33.125,13.46875,'2014-08-26 15:22:38');
INSERT INTO "System" VALUES(35,'LP 271-25',-10.46875,31.84375,7.3125,'2014-08-26 15:22:38');
INSERT INTO "System" VALUES(36,'LP 275-68',-23.34375,25.0625,15.1875,'2014-08-26 15:22:38');
INSERT INTO "System" VALUES(37,'LP 64-194',-21.65625,32.21875,-16.21875,'2014-08-26 15:22:38');
INSERT INTO "System" VALUES(38,'LP 98-132',-26.78125,37.03125,-4.59375,'2014-08-26 15:22:38');
INSERT INTO "System" VALUES(39,'Magec',-32.875,36.15625,15.5,'2014-08-26 15:22:38');
INSERT INTO "System" VALUES(40,'Meliae',-17.3125,49.53125,-1.6875,'2014-08-26 15:22:38');
INSERT INTO "System" VALUES(41,'Morgor',-15.25,39.53125,-2.25,'2014-08-26 15:22:38');
INSERT INTO "System" VALUES(42,'Nang Ta-khian',-18.21875,26.5625,-6.34375,'2014-08-26 15:22:38');
INSERT INTO "System" VALUES(43,'Naraka',-34.09375,26.21875,-5.53125,'2014-08-26 15:22:38');
INSERT INTO "System" VALUES(44,'Opala',-25.5,35.25,9.28125,'2014-08-26 15:22:38');
INSERT INTO "System" VALUES(45,'Ovid',-28.0625,35.15625,14.8125,'2014-08-26 15:22:38');
INSERT INTO "System" VALUES(46,'Pi-fang',-34.65625,22.84375,-4.59375,'2014-08-26 15:22:38');
INSERT INTO "System" VALUES(47,'Rakapila',-14.90625,33.625,9.125,'2014-08-26 15:22:38');
INSERT INTO "System" VALUES(48,'Ross 1015',-6.09375,29.46875,3.03125,'2014-08-26 15:22:38');
INSERT INTO "System" VALUES(49,'Ross 1051',-37.21875,44.5,-5.0625,'2014-08-26 15:22:38');
INSERT INTO "System" VALUES(50,'Ross 1057',-32.3125,26.1875,-12.4375,'2014-08-26 15:22:38');
INSERT INTO "System" VALUES(51,'Styx',-24.3125,37.75,6.03125,'2014-08-26 15:22:38');
INSERT INTO "System" VALUES(52,'Surya',-38.46875,39.25,5.40625,'2014-08-26 15:22:38');
INSERT INTO "System" VALUES(53,'Tilian',-21.53125,22.3125,10.125,'2014-08-26 15:22:38');
INSERT INTO "System" VALUES(54,'WISE 1647+5632',-21.59375,17.71875,1.75,'2014-08-26 15:22:38');
INSERT INTO "System" VALUES(55,'Wyrd',-11.625,31.53125,-3.9375,'2014-08-26 15:22:38');
---------------------------------------------------------------------------------------------------------
--Added Stars as supplied by Harbinger @ https://forums.frontier.co.uk/showpost.php?p=816624&postcount=158
---------------------------------------------------------------------------------------------------------
INSERT INTO "System" VALUES(56,'Coquenchis',-62.78125,23.09375,-36.4375,'2014-10-02 14:21:15');
INSERT INTO "System" VALUES(57,'Mistana',-103.125,27.6875,-61.84375,'2014-10-02 14:21:15');
INSERT INTO "System" VALUES(58,'Gera',-88.8125,11.6875,-33.59375,'2014-10-02 14:21:15');
INSERT INTO "System" VALUES(59,'HIP 2422',-103.21875,31.34375,-64.375,'2014-10-02 14:21:15');
INSERT INTO "System" VALUES(60,'HR 8474',-97.96875,21.3125,-36.125,'2014-10-02 14:21:15');
INSERT INTO "System" VALUES(61,'Nyon T''ao Wujin',-81.71875,58.8125,-35.28125,'2014-10-02 14:21:15');
INSERT INTO "System" VALUES(62,'BD+71 1033',-104.125,33.875,-30.9375,'2014-10-02 14:21:15');
INSERT INTO "System" VALUES(63,'Adepti',-74.09375,36.5625,-40.1875,'2014-10-02 14:21:15');
INSERT INTO "System" VALUES(64,'Kulkanabossongma',-106.125,18.46875,-58.03125,'2014-10-02 14:21:15');
INSERT INTO "System" VALUES(65,'HR 8423',-105.375,48.25,-55.53125,'2014-10-02 14:21:15');
INSERT INTO "System" VALUES(66,'LP 29-188',-67.625,17.0625,-50.21875,'2014-10-02 14:21:15');
INSERT INTO "System" VALUES(67,'Basium',-71.25,49.875,-30.21875,'2014-10-02 14:21:15');
INSERT INTO "System" VALUES(68,'Chirichianco',-114.0625,8.25,-43.84375,'2014-10-02 14:21:15');
INSERT INTO "System" VALUES(69,'V740 Cassiopeiae',-86.1875,7.15625,-47.78125,'2014-10-02 14:21:15');
INSERT INTO "System" VALUES(70,'Gliese 9843',-106.25,33.59375,-61,'2014-10-02 14:21:15');
INSERT INTO "System" VALUES(71,'HR 8133',-133.875,26.28125,-28.96875,'2014-10-02 14:21:15');
INSERT INTO "System" VALUES(72,'Toyota',-67.0625,52.625,-37.375,'2014-10-02 14:21:15');
INSERT INTO "System" VALUES(73,'Psamathe',-76.71875,7.34375,-28.0625,'2014-10-02 14:21:15');
INSERT INTO "System" VALUES(74,'Tapari',-66.4375,32.125,-31,'2014-10-02 14:21:15');
INSERT INTO "System" VALUES(75,'35 Draconis',-85.125,51.75,-28.375,'2014-10-02 14:21:15');
INSERT INTO "System" VALUES(76,'BD+63 1764',-113.25,16.78125,-28.34375,'2014-10-02 14:21:15');
INSERT INTO "System" VALUES(77,'Poqomathi',-101.40625,24.65625,-69.5625,'2014-10-02 14:21:15');
INSERT INTO "System" VALUES(78,'Titicate',-122.5,10.09375,-36.96875,'2014-10-02 14:21:15');
INSERT INTO "System" VALUES(79,'Andjeri',-87,28.90625,-28.46875,'2014-10-02 14:21:15');
INSERT INTO "System" VALUES(80,'MCC 858',-74,4.9375,-29.875,'2014-10-02 14:21:15');
INSERT INTO "System" VALUES(81,'Fu Haiting',-69.46875,32.125,-48.875,'2014-10-02 14:21:15');
INSERT INTO "System" VALUES(82,'Tring',-125.375,9.5,-47.96875,'2014-10-02 14:21:15');
INSERT INTO "System" VALUES(83,'GCRV 13292',-99.84375,27.5625,-28.1875,'2014-10-02 14:21:15');
INSERT INTO "System" VALUES(84,'LHS 3877',-74.28125,10.90625,-30.84375,'2014-10-02 14:21:15');
INSERT INTO "System" VALUES(85,'NLTT 50716',-90.96875,40.40625,-42.0625,'2014-10-02 14:21:15');
INSERT INTO "System" VALUES(86,'Verboni',-82.71875,21.46875,-34.78125,'2014-10-02 14:21:15');
INSERT INTO "System" VALUES(87,'HIP 110773',-120.375,46.375,-60.6875,'2014-10-02 14:21:15');
INSERT INTO "System" VALUES(88,'HIP 2453',-110.90625,16.5,-67.84375,'2014-10-02 14:21:15');
INSERT INTO "System" VALUES(89,'HIP 105906',-114.40625,51.40625,-56.125,'2014-10-02 14:21:15');
INSERT INTO "System" VALUES(90,'HR 158',-85.875,36.90625,-55.09375,'2014-10-02 14:21:15');
INSERT INTO "System" VALUES(91,'HIP 107457',-116.25,28.34375,-39.3125,'2014-10-02 14:21:15');
INSERT INTO "System" VALUES(92,'Loga',-79.78125,36.53125,-42.0625,'2014-10-02 14:21:15');
INSERT INTO "System" VALUES(93,'Chemetitana',-83.34375,8.84375,-27.875,'2014-10-02 14:21:15');
INSERT INTO "System" VALUES(94,'Killke',-108,8.5625,-31.15625,'2014-10-02 14:21:15');
INSERT INTO "System" VALUES(95,'Chapoyo',-72.0625,31.84375,-47.53125,'2014-10-02 14:21:15');
INSERT INTO "System" VALUES(96,'Balmus',-89,9.375,-52.0625,'2014-10-02 14:21:15');
INSERT INTO "System" VALUES(97,'LTT 16523',-72.65625,13.28125,-25.9375,'2014-10-02 14:21:15');
INSERT INTO "System" VALUES(98,'HIP 7338',-96.5,33.21875,-68.65625,'2014-10-02 14:21:15');
INSERT INTO "System" VALUES(99,'Lalande 37923',-84.125,38.9375,-28.15625,'2014-10-02 14:21:15');
INSERT INTO "System" VALUES(100,'LP 48-567',-67.0625,14.96875,-25.5625,'2014-10-02 14:21:15');
INSERT INTO "System" VALUES(101,'Jaoismonjin',-83.90625,33,-53.5625,'2014-10-02 14:21:15');
INSERT INTO "System" VALUES(102,'LTT 16979',-97.25,24.3125,-52.5625,'2014-10-02 14:21:15');
INSERT INTO "System" VALUES(103,'LHS 3631',-91.625,30.34375,-31.65625,'2014-10-02 14:21:15');
INSERT INTO "System" VALUES(104,'Hsini',-81.75,15.59375,-46.78125,'2014-10-02 14:21:15');
INSERT INTO "System" VALUES(105,'Tyr',-79.625,21.25,-25.0625,'2014-10-02 14:21:15');
INSERT INTO "System" VALUES(106,'47 Cassiopeiae',-83.03125,28.5625,-63.1875,'2014-10-02 14:21:15');
INSERT INTO "System" VALUES(107,'BD+67 1409',-89.4375,16.0625,-30.25,'2014-10-02 14:21:15');
INSERT INTO "System" VALUES(108,'LTT 17102',-73.84375,16.5625,-45.59375,'2014-10-02 14:21:15');
INSERT INTO "System" VALUES(109,'Maidubii',-115.4375,11.90625,-60.875,'2014-10-02 14:21:15');
INSERT INTO "System" VALUES(110,'Er Lo Wu Di',-83.03125,19.84375,-59.78125,'2014-10-02 14:21:15');
INSERT INTO "System" VALUES(111,'Pata Thewi',-108.46875,52.0625,-27.34375,'2014-10-02 14:21:15');
INSERT INTO "System" VALUES(112,'HR 7925',-104.53125,21.0625,-12.1875,'2014-10-02 14:21:15');
INSERT INTO "System" VALUES(113,'Baga',-107.3125,35.5,-58.84375,'2014-10-02 14:21:15');
INSERT INTO "System" VALUES(114,'HIP 113477',-121.40625,19.78125,-52.46875,'2014-10-02 14:21:15');
INSERT INTO "System" VALUES(115,'Tsetan',-102.625,19.65625,-41.125,'2014-10-02 14:21:15');
INSERT INTO "System" VALUES(116,'Kuunggati',-85.40625,18.375,-29.53125,'2014-10-02 14:21:15');
INSERT INTO "System" VALUES(117,'Cuages',-124.875,20.03125,-23.78125,'2014-10-02 14:21:15');
INSERT INTO "System" VALUES(118,'HIP 108110',-122.625,22,-37.34375,'2014-10-02 14:21:15');
INSERT INTO "System" VALUES(119,'Ross 210',-73.5,10.0625,-15.71875,'2014-10-02 14:21:15');
INSERT INTO "System" VALUES(120,'Macomaneleng Mu',-101,16.375,-30.65625,'2014-10-02 14:21:15');
INSERT INTO "System" VALUES(121,'Wikmeang',-123.59375,25.875,-33.25,'2014-10-02 14:21:15');
INSERT INTO "System" VALUES(122,'Taurawa',-98.125,21.84375,-13.09375,'2014-10-02 14:21:15');
INSERT INTO "System" VALUES(123,'Djedet',-81.46875,30.5625,-1.1875,'2014-10-02 14:21:15');
INSERT INTO "System" VALUES(124,'Bhotepa',-134.625,33.21875,-38.0625,'2014-10-02 14:21:15');
INSERT INTO "System" VALUES(125,'Pareco',-78.8125,30.34375,2.90625,'2014-10-02 14:21:15');
INSERT INTO "System" VALUES(126,'Altais',-88.625,38.09375,-13.65625,'2014-10-02 14:21:15');
INSERT INTO "System" VALUES(127,'Harpulo',-75.375,40.28125,-0.46875,'2014-10-02 14:21:15');
INSERT INTO "System" VALUES(128,'Pemede',-88.90625,22.28125,-21.40625,'2014-10-02 14:21:15');
INSERT INTO "System" VALUES(129,'Arabha',-120.75,43.78125,-22.125,'2014-10-02 14:21:15');
INSERT INTO "System" VALUES(130,'San Guaralaru',-124.34375,41.8125,-60.71875,'2014-10-02 14:21:15');
INSERT INTO "System" VALUES(131,'LHS 64',-76.6875,11.09375,-10.8125,'2014-10-02 14:21:15');
INSERT INTO "System" VALUES(132,'Lugiu Bezelana',-126.15625,44.5625,-33.1875,'2014-10-02 14:21:15');
INSERT INTO "System" VALUES(133,'Xi Wangkala',-133.0625,38.6875,-38.125,'2014-10-02 14:21:15');
INSERT INTO "System" VALUES(134,'Tai Qing',-70.90625,50.75,-4.09375,'2014-10-02 14:21:15');
INSERT INTO "System" VALUES(135,'Kamchaultultula',-101.09375,11,-24.09375,'2014-10-02 14:21:15');
INSERT INTO "System" VALUES(136,'Ba Bhumiang Ku',-104.28125,25.0625,-45.25,'2014-10-02 14:21:15');
INSERT INTO "System" VALUES(137,'Mistae',-72.34375,56.6875,-24.8125,'2014-10-02 14:21:15');
INSERT INTO "System" VALUES(138,'Ngoloki Anaten',-135.9375,33.5,-40.5,'2014-10-02 14:21:15');
INSERT INTO "System" VALUES(139,'Ross 211',-123.71875,17.3125,-30.21875,'2014-10-02 14:21:15');
INSERT INTO "System" VALUES(140,'NLTT 53889',-76.5,7.6875,-24.96875,'2014-10-02 14:21:15');
INSERT INTO "System" VALUES(141,'Clotti',-88.03125,47.1875,-6.15625,'2014-10-02 14:21:15');
INSERT INTO "System" VALUES(142,'Njirika',-117.46875,36.28125,-15.40625,'2014-10-02 14:21:15');
INSERT INTO "System" VALUES(143,'Aladu Kuan Gon',-108.75,15.8125,-14.25,'2014-10-02 14:21:15');
INSERT INTO "System" VALUES(144,'Dharai',-70.9375,32.34375,-14.21875,'2014-10-02 14:21:15');
INSERT INTO "System" VALUES(145,'LP 27-9',-70.40625,25.4375,-32.40625,'2014-10-02 14:21:15');
INSERT INTO "System" VALUES(146,'Manamaya',-43.53125,35.03125,-19.15625,'2014-10-02 14:21:15');
INSERT INTO "System" VALUES(147,'Zhu Rong',-39.875,34.9375,-24.1875,'2014-10-02 14:21:15');
INSERT INTO "System" VALUES(148,'Sumi',-59.53125,16.4375,-37.6875,'2014-10-02 14:21:15');
INSERT INTO "System" VALUES(149,'Haras',-118.75,14.40625,-21.40625,'2014-10-02 14:21:15');
INSERT INTO "System" VALUES(150,'Ao Shun',-75.3125,22.59375,1.09375,'2014-10-02 14:21:15');
INSERT INTO "System" VALUES(151,'Medusa',-67.96875,42.5,-14.5,'2014-10-02 14:21:15');
INSERT INTO "System" VALUES(152,'Tapipinouphinien',-63.90625,19.84375,-49.1875,'2014-10-02 14:21:15');
INSERT INTO "System" VALUES(153,'Tatil',-77.84375,23.1875,-22.59375,'2014-10-02 14:21:15');
INSERT INTO "System" VALUES(154,'Merki',-81.625,50.625,-19.28125,'2014-10-02 14:21:15');
INSERT INTO "System" VALUES(155,'LHS 3586',-82.09375,25.96875,-23.15625,'2014-10-02 14:21:15');
INSERT INTO "System" VALUES(156,'Aurea',-88,23.53125,-8.28125,'2014-10-02 14:21:15');
INSERT INTO "System" VALUES(157,'LP Draconis',-87.9375,49.34375,-15.5,'2014-10-02 14:21:15');
INSERT INTO "System" VALUES(158,'Apishim',-62.71875,20.28125,-39.15625,'2014-10-02 14:21:15');
INSERT INTO "System" VALUES(159,'Alderamin',-47.5,7.84375,-9.46875,'2014-10-02 14:21:15');
INSERT INTO "System" VALUES(160,'Bangati',-85.21875,56.28125,-35.125,'2014-10-02 14:21:15');
INSERT INTO "System" VALUES(161,'BD+75 58',-43.5625,13.46875,-30.46875,'2014-10-02 14:21:15');
INSERT INTO "System" VALUES(162,'NLTT 49528',-72.625,18.5,-11.75,'2014-10-02 14:21:15');
INSERT INTO "System" VALUES(163,'Zosia',-62.625,25.5625,-30.09375,'2014-10-02 14:21:15');
INSERT INTO "System" VALUES(164,'Evergreen',-86.6875,25.34375,-3.3125,'2014-10-02 14:21:15');
INSERT INTO "System" VALUES(165,'21 Eta Ursae Minoris',-74.625,56.25,-26,'2014-10-02 14:21:15');
INSERT INTO "System" VALUES(166,'LHS 1101',-54.46875,9.375,-33.46875,'2014-10-02 14:21:15');
INSERT INTO "System" VALUES(167,'LTT 15294',-84.6875,50.21875,-6.40625,'2014-10-02 14:21:15');
INSERT INTO "System" VALUES(168,'Jurua',-60.84375,23.84375,-50.75,'2014-10-02 14:21:15');
INSERT INTO "System" VALUES(169,'Men Samit',-120.375,55.6875,-40.6875,'2014-10-02 14:21:15');
INSERT INTO "System" VALUES(170,'Jaitu',-92.59375,15.1875,-9.15625,'2014-10-02 14:21:15');
INSERT INTO "System" VALUES(171,'Nimba',-71.5625,42.96875,-4.84375,'2014-10-02 14:21:15');
INSERT INTO "System" VALUES(172,'Kambalua',-62.90625,15.34375,-44.21875,'2014-10-02 14:21:15');
INSERT INTO "System" VALUES(173,'Jieguaje',-85.25,16.9375,-4,'2014-10-02 14:21:15');
INSERT INTO "System" VALUES(174,'Lakluit',-83.875,21.125,-10.0625,'2014-10-02 14:21:15');
INSERT INTO "System" VALUES(175,'LTT 10482',-61.1875,23.59375,-42,'2014-10-02 14:21:15');
INSERT INTO "System" VALUES(176,'Moscab Kutja',-75.75,25.40625,-23.78125,'2014-10-02 14:21:15');
INSERT INTO "System" VALUES(177,'Taleachishvakhrud',-96.5625,56.71875,-19.5,'2014-10-02 14:21:15');
INSERT INTO "System" VALUES(178,'BD+64 1452',-98.5625,25.6875,-17.40625,'2014-10-02 14:21:15');
INSERT INTO "System" VALUES(179,'BD+65 1846',-60.3125,7.125,-25.53125,'2014-10-02 14:21:15');
INSERT INTO "System" VALUES(180,'Korubu',-102,36.3125,-7.8125,'2014-10-02 14:21:15');
INSERT INTO "System" VALUES(181,'Reiene Maorai',-99.75,39.125,-16.84375,'2014-10-02 14:21:15');
INSERT INTO "System" VALUES(182,'LHS 250',-19.1875,24.34375,-29.53125,'2014-10-02 14:21:15');
INSERT INTO "System" VALUES(183,'HIP 93119',-113.5625,57.40625,-33.9375,'2014-10-02 14:21:15');
INSERT INTO "System" VALUES(184,'HIP 91906',-108.09375,57.1875,-33.59375,'2014-10-02 14:21:15');
INSERT INTO "System" VALUES(185,'Kwaraseti',-53.5,33.75,-39.875,'2014-10-02 14:21:15');
INSERT INTO "System" VALUES(186,'Keian Gu',-6,36.28125,-19.875,'2014-10-02 14:21:15');
INSERT INTO "System" VALUES(187,'Boro Kacharis',-27.125,18.90625,-25.875,'2014-10-02 14:21:15');
INSERT INTO "System" VALUES(188,'Grabri',-81.1875,42.28125,-5.1875,'2014-10-02 14:21:15');
INSERT INTO "System" VALUES(189,'Huokang',-12.1875,35.46875,-25.28125,'2014-10-02 14:21:15');
INSERT INTO "System" VALUES(190,'LHS 246',-19,22.5625,-28.21875,'2014-10-02 14:21:15');
INSERT INTO "System" VALUES(191,'Exbeur',-35.15625,27.84375,-33.65625,'2014-10-02 14:21:15');
INSERT INTO "System" VALUES(192,'Darahk',-65,27,-37,'2014-10-02 14:21:15');
INSERT INTO "System" VALUES(193,'Nguruai Trimpaso',-84.46875,54.625,-22.375,'2014-10-02 14:21:15');
INSERT INTO "System" VALUES(194,'Theta Draconis',-48.9375,48.09375,0.03125,'2014-10-02 14:21:15');
INSERT INTO "System" VALUES(195,'Yoruba',-46,35.84375,-34.21875,'2014-10-02 14:21:15');
INSERT INTO "System" VALUES(196,'StKM 1-1676',-74.875,31.75,-5.96875,'2014-10-02 14:21:15');
INSERT INTO "System" VALUES(197,'LP 45-128',-69.28125,32.25,-13.90625,'2014-10-02 14:21:15');
INSERT INTO "System" VALUES(198,'Sofagre',-54.21875,48.53125,-30.15625,'2014-10-02 14:21:15');
INSERT INTO "System" VALUES(199,'Miola',-64,24,-41,'2014-10-02 14:21:15');
INSERT INTO "System" VALUES(200,'Ehlangai',-11.21875,32.53125,-23.03125,'2014-10-02 14:21:15');
INSERT INTO "System" VALUES(201,'BD+87 118',-58.59375,40.65625,-37.75,'2014-10-02 14:21:15');
INSERT INTO "System" VALUES(202,'LHS 1065',-51.71875,15.84375,-31.75,'2014-10-02 14:21:15');
INSERT INTO "System" VALUES(203,'Aeolus',-43.28125,37.28125,-31.53125,'2014-10-02 14:21:15');
INSERT INTO "System" VALUES(204,'LP 1-52',-49.9375,28.8125,-33.28125,'2014-10-02 14:21:15');
INSERT INTO "System" VALUES(205,'LP 7-226',-42.78125,31.75,-27.25,'2014-10-02 14:21:15');
INSERT INTO "System" VALUES(206,'Moros',-45.96875,17.375,-31.3125,'2014-10-02 14:21:15');
INSERT INTO "System" VALUES(207,'BD+74 526',-48.65625,53.28125,-29.25,'2014-10-02 14:21:15');
INSERT INTO "System" VALUES(208,'LHS 5072',-33.34375,15.15625,-27.53125,'2014-10-02 14:21:15');
INSERT INTO "System" VALUES(209,'Alrai',-38.71875,12.3125,-21.625,'2014-10-02 14:21:15');
INSERT INTO "System" VALUES(210,'Mufrid',-1.125,35.25,11.09375,'2014-10-02 14:21:15');
INSERT INTO "System" VALUES(211,'47 Ursae Majoris',-1.4375,41.1875,-20.09375,'2014-10-02 14:21:15');
INSERT INTO "System" VALUES(212,'LFT 1446',-38.8125,18.25,-7.9375,'2014-10-02 14:21:15');
INSERT INTO "System" VALUES(213,'14 Herculis',-36.71875,41.6875,14.125,'2014-10-02 14:21:15');
INSERT INTO "System" VALUES(214,'LHS 215',-20.59375,13.28125,-18.3125,'2014-10-02 14:21:15');
INSERT INTO "System" VALUES(215,'Ackycha',-29.03125,39.8125,-25.03125,'2014-10-02 14:21:15');
INSERT INTO "System" VALUES(216,'Arcturus',-3.53125,34.15625,12.96875,'2014-10-02 14:21:15');
INSERT INTO "System" VALUES(217,'Ross 640',-31.6875,35.125,18.9375,'2014-10-02 14:21:15');
INSERT INTO "System" VALUES(218,'Wunjo',-65,53.3125,-22.59375,'2014-10-02 14:21:15');
INSERT INTO "System" VALUES(219,'Chara',-4.84375,26.65625,-4.78125,'2014-10-02 14:21:15');
INSERT INTO "System" VALUES(220,'LTT 16016',-62.53125,12.375,-5.5,'2014-10-02 14:21:15');
INSERT INTO "System" VALUES(221,'LP 37-75',-27.25,38.5,-33.65625,'2014-10-02 14:21:15');
INSERT INTO "System" VALUES(222,'41 Gamma Serpentis',-12.125,26,22.875,'2014-10-02 14:21:15');
INSERT INTO "System" VALUES(223,'LHS 2123',-56.53125,42.40625,-44.75,'2014-10-02 14:21:15');
INSERT INTO "System" VALUES(224,'LHS 3549',-29.625,6.125,-1.9375,'2014-10-02 14:21:15');
INSERT INTO "System" VALUES(225,'Beta Comae Berenices',-1.6875,29.65625,2.03125,'2014-10-02 14:21:15');
INSERT INTO "System" VALUES(226,'72 Herculis',-32.875,24.6875,22.21875,'2014-10-02 14:21:15');
INSERT INTO "System" VALUES(227,'Hyperion',-51.1875,7.5,-16.71875,'2014-10-02 14:21:15');
INSERT INTO "System" VALUES(228,'Sigma Bootis',-14.46875,47.4375,14.40625,'2014-10-02 14:21:15');
INSERT INTO "System" VALUES(229,'44 chi Draconis',-22.5625,12.375,-5.40625,'2014-10-02 14:21:15');
INSERT INTO "System" VALUES(230,'Eta Coronae Borealis',-23.78125,48.4375,21.9375,'2014-10-02 14:21:15');
INSERT INTO "System" VALUES(231,'G 203-47',-18.34375,14.25,7.09375,'2014-10-02 14:21:15');
INSERT INTO "System" VALUES(232,'Lalande 30699',-64.34375,48.96875,-10.875,'2014-10-02 14:21:15');
INSERT INTO "System" VALUES(233,'Eta Cephei',-45.125,9.375,-6.4375,'2014-10-02 14:21:15');
INSERT INTO "System" VALUES(234,'21 Draco',-60.03125,45.65625,8.09375,'2014-10-02 14:21:15');
INSERT INTO "System" VALUES(235,'Paul-Friedrichs Star',-48.15625,34.3125,8.78125,'2014-10-02 14:21:15');
INSERT INTO "System" VALUES(236,'LHS 2405',-45.875,45.5625,-36.28125,'2014-10-02 14:21:15');
INSERT INTO "System" VALUES(237,'G 230-27',-58.125,11.4375,2.6875,'2014-10-02 14:21:15');
INSERT INTO "System" VALUES(238,'Quiness',-46.46875,37.78125,-24.9375,'2014-10-02 14:21:15');
INSERT INTO "System" VALUES(239,'36 Ursae Majoris',-11.125,32.9375,-23,'2014-10-02 14:21:15');
INSERT INTO "System" VALUES(240,'Perendi',-52.5625,33.09375,-11.875,'2014-10-02 14:21:15');
INSERT INTO "System" VALUES(241,'Vaccimici',-33.21875,37.34375,12.75,'2014-10-02 14:21:15');
INSERT INTO "System" VALUES(242,'Vetr',-59.0625,12.65625,1.46875,'2014-10-02 14:21:15');
INSERT INTO "System" VALUES(243,'Xi Ursae Majoris',2.65625,27.09375,-9.9375,'2014-10-02 14:21:15');
INSERT INTO "System" VALUES(244,'Connla',-29.90625,14.5625,13.65625,'2014-10-02 14:21:15');
INSERT INTO "System" VALUES(245,'CR Draconis',-48.3125,46.15625,4.46875,'2014-10-02 14:21:15');
INSERT INTO "System" VALUES(246,'86 Mu Herculis',-19.5,11.53125,14.875,'2014-10-02 14:21:15');
INSERT INTO "System" VALUES(247,'Ao Qin',-62.90625,46.78125,1.53125,'2014-10-02 14:21:15');
INSERT INTO "System" VALUES(248,'Wolf 1409',-56.125,29.8125,9.0625,'2014-10-02 14:21:15');
INSERT INTO "System" VALUES(249,'LFT 1073',-38.9375,32.5625,-21.65625,'2014-10-02 14:21:15');
INSERT INTO "System" VALUES(250,'LHS 140',-34.53125,16.1875,-23.0625,'2014-10-02 14:21:15');
INSERT INTO "System" VALUES(251,'LP 25-2',-48.9375,27.25,-19.5625,'2014-10-02 14:21:15');
INSERT INTO "System" VALUES(252,'LP 71-157',-52.34375,28.375,-8.03125,'2014-10-02 14:21:15');
INSERT INTO "System" VALUES(253,'Eos',-51.875,16.78125,-0.375,'2014-10-02 14:21:15');
INSERT INTO "System" VALUES(254,'Tun',-47.96875,20.96875,-17.53125,'2014-10-02 14:21:15');
INSERT INTO "System" VALUES(255,'NLTT 46621',-43.8125,20.34375,4.8125,'2014-10-02 14:21:15');
INSERT INTO "System" VALUES(256,'Caer Bran',-31.28125,14.3125,13.78125,'2014-10-02 14:21:15');
INSERT INTO "System" VALUES(257,'V1090 Herculis',-44.9375,36.9375,13.46875,'2014-10-02 14:21:15');
INSERT INTO "System" VALUES(258,'LFT 1072',-45.90625,43.71875,-23.25,'2014-10-02 14:21:15');
INSERT INTO "System" VALUES(259,'Malina',-48.1875,23,14.40625,'2014-10-02 14:21:15');
INSERT INTO "System" VALUES(260,'Wolf 654',-28.46875,22.40625,14.8125,'2014-10-02 14:21:15');
INSERT INTO "System" VALUES(261,'Coelrind',3.0625,35.28125,6.96875,'2014-10-02 14:21:15');
INSERT INTO "System" VALUES(262,'LFT 1421',-45.46875,18.5625,12.59375,'2014-10-02 14:21:15');
INSERT INTO "System" VALUES(263,'LP 102-320',-60.625,35.125,3.21875,'2014-10-02 14:21:15');
INSERT INTO "System" VALUES(264,'LHS 3057',-50.75,50.03125,-13.28125,'2014-10-02 14:21:15');
INSERT INTO "System" VALUES(265,'Belobog',-13.34375,53.78125,12.5625,'2014-10-02 14:21:15');
INSERT INTO "System" VALUES(266,'61 Ursae Majoris',0.5625,30.09375,-8.6875,'2014-10-02 14:21:15');
INSERT INTO "System" VALUES(267,'Demeter',-55.34375,40.8125,7.5625,'2014-10-02 14:21:15');
INSERT INTO "System" VALUES(268,'LP 5-88',-27.28125,19.59375,-23.03125,'2014-10-02 14:21:15');
INSERT INTO "System" VALUES(269,'Ross 1003',-4.3125,33.90625,-11.96875,'2014-10-02 14:21:15');
--INSERT INTO "System" VALUES(270,'Training',-22,36,1,'2014-10-02 14:21:15');
--INSERT INTO "System" VALUES(271,'Destination',-22,37,4,'2014-10-02 14:21:15');
INSERT INTO "System" VALUES(272,'Tollan',-14.78125,20,-21.96875,'2014-10-02 14:21:15');
INSERT INTO "System" VALUES(273,'LHS 287',1.03125,29.59375,-16.5,'2014-10-02 14:21:15');
INSERT INTO "System" VALUES(274,'Ross 905',4.46875,31.9375,-7.21875,'2014-10-02 14:21:15');
INSERT INTO "System" VALUES(275,'LHS 283',-20.78125,29.59375,-23.53125,'2014-10-02 14:21:15');
INSERT INTO "System" VALUES(276,'CR Draco',-49.46875,47.4375,4.375,'2014-10-02 14:21:15');
INSERT INTO "System" VALUES(277,'LHS 293',1.84375,28.3125,-14.4375,'2014-10-02 14:21:15');
INSERT INTO "System" VALUES(278,'37 Xi Bootis',-4.21875,19.09375,9.8125,'2014-10-02 14:21:15');
INSERT INTO "System" VALUES(279,'Mullag',0.5,35.09375,-19.1875,'2014-10-02 14:21:15');
INSERT INTO "System" VALUES(280,'Flousop',-1.625,16.8125,4,'2014-10-02 14:21:15');
INSERT INTO "System" VALUES(281,'CW Ursae Majoris',2.65625,36.78125,-14.90625,'2014-10-02 14:21:15');
INSERT INTO "System" VALUES(282,'LP 440-38',-4.65625,43.78125,20.6875,'2014-10-02 14:21:15');
INSERT INTO "System" VALUES(283,'Miquich',-17.71875,19.125,19.59375,'2014-10-02 14:21:15');
INSERT INTO "System" VALUES(284,'LHS 355',1.09375,46.15625,9.71875,'2014-10-02 14:21:15');
INSERT INTO "System" VALUES(285,'Hepa',-29.4375,34.46875,21.53125,'2014-10-02 14:21:15');
INSERT INTO "System" VALUES(286,'Ross 130',-3.90625,41,19.75,'2014-10-02 14:21:15');
INSERT INTO "System" VALUES(287,'LP 320-359',1.25,49.71875,-6.5625,'2014-10-02 14:21:15');
INSERT INTO "System" VALUES(288,'LHS 411',-13.125,23.59375,18.625,'2014-10-02 14:21:15');
INSERT INTO "System" VALUES(289,'LHS 3080',-21.625,42.90625,21.375,'2014-10-02 14:21:15');
INSERT INTO "System" VALUES(290,'LAWD 52',-52.28125,61.8125,-26.5625,'2014-10-02 14:21:15');
INSERT INTO "System" VALUES(291,'10 Canum Venaticorum',-9.375,55.4375,-7,'2014-10-02 14:21:15');
INSERT INTO "System" VALUES(292,'LHS 350',-1.46875,44.59375,5.75,'2014-10-02 14:21:15');
INSERT INTO "System" VALUES(293,'Zeta Herculis',-21.34375,22.375,16.25,'2014-10-02 14:21:15');
INSERT INTO "System" VALUES(294,'LHS 2764a',-4.71875,54.125,0.65625,'2014-10-02 14:21:15');
INSERT INTO "System" VALUES(295,'Hera',-36.8125,55.59375,-17.96875,'2014-10-02 14:21:15');
INSERT INTO "System" VALUES(296,'LHS 6282',-11.46875,39.78125,22.78125,'2014-10-02 14:21:15');
INSERT INTO "System" VALUES(297,'LHS 2522',-24.8125,56.53125,-23.4375,'2014-10-02 14:21:15');
INSERT INTO "System" VALUES(298,'G 180-18',-28.96875,40.6875,19.03125,'2014-10-02 14:21:15');
INSERT INTO "System" VALUES(299,'Ross 860',-20.125,19.28125,19,'2014-10-02 14:21:15');
INSERT INTO "System" VALUES(300,'LHS 391',-15.90625,45.15625,21.375,'2014-10-02 14:21:15');
INSERT INTO "System" VALUES(301,'Wolf 497',0.125,41.46875,11.96875,'2014-10-02 14:21:15');
INSERT INTO "System" VALUES(302,'Rahu',-43.78125,62.4375,-0.25,'2014-10-02 14:21:15');
INSERT INTO "System" VALUES(303,'G 224-46',-55.25,60.34375,-12.71875,'2014-10-02 14:21:15');
INSERT INTO "System" VALUES(304,'BF Canis Venatici',-8.25,62.1875,-3.0625,'2014-10-02 14:21:15');
INSERT INTO "System" VALUES(305,'LHS 371',-9.625,49.4375,17.625,'2014-10-02 14:21:15');
INSERT INTO "System" VALUES(306,'LHS 2936',-31.6875,55.5625,0.5,'2014-10-02 14:21:15');
INSERT INTO "System" VALUES(307,'Parcae',-8.125,55.09375,-17,'2014-10-02 14:21:15');
INSERT INTO "System" VALUES(308,'LP 322-836',-3.4375,51.59375,2.03125,'2014-10-02 14:21:15');
INSERT INTO "System" VALUES(309,'Ori',-26.28125,56.09375,2.4375,'2014-10-02 14:21:15');
INSERT INTO "System" VALUES(310,'LHS 2948',-21.6875,60.4375,15.09375,'2014-10-02 14:21:15');
INSERT INTO "System" VALUES(311,'CE Bootis',-5.40625,29.375,16.46875,'2014-10-02 14:21:15');
INSERT INTO "System" VALUES(312,'LHS 2651',-22.84375,60.375,-13.8125,'2014-10-02 14:21:15');

---------------------
--Calculated systems from Codec https://docs.google.com/spreadsheets/d/1dNvJV2CnRLU9BqaTpR-lV4D8AW1PfMzOcKzlqIe5aJg/edit#gid=225835509
---------------------
INSERT INTO "System" VALUES(313,'GD 356',-50.937329,44.156314,7.312356,'2014-10-05 17:49:18');
INSERT INTO "System" VALUES(314,'Ross 52',-8.437344,29.156181,13.312062,'2014-10-05 17:49:18');
INSERT INTO "System" VALUES(315,'Rigel',385.776454,-360.412738,-682.530344,'2014-10-05 17:49:18');
INSERT INTO "System" VALUES(316,'SDSS J1416+1348',-0.763711,27.15127,12.010749,'2014-10-05 17:49:18');
INSERT INTO "System" VALUES(317,'Etamin',-132.465759,74.882226,25.534914,'2014-10-05 17:49:18');
INSERT INTO "System" VALUES(318,'Alpha Cygni',-1404.999446,46.100667,132.507506,'2014-10-05 17:49:18');
INSERT INTO "System" VALUES(319,'Polaris',-322.694559,194.561748,-212.451208,'2014-10-05 17:49:18');
INSERT INTO "System" VALUES(320,'Taran',-42.50011,45.468803,-3.000247,'2014-10-05 17:49:18');
INSERT INTO "System" VALUES(321,'Achenar',67.498165,-119.469951,24.84084,'2014-10-05 17:49:18');
--INSERT INTO "System" VALUES(322,'Sagittarius A*',-7371.313229,-21643.12915,12112.54096,'2014-10-05 17:49:18'); Bad Calc. Needs fixed.
--INSERT INTO "System" VALUES(323,'Hagalaz',-51.967872,36.653411,2.52069,'2014-10-05 17:49:18'); Bad Calc. Needs fixed.
INSERT INTO "System" VALUES(324,'Alphard',99.25266,-27.376891,-122.037074,'2014-10-05 17:49:18');
INSERT INTO "System" VALUES(325,'Enif',-536.59161,-363.040063,236.177363,'2014-10-05 17:49:18');
INSERT INTO "System" VALUES(326,'Sol',-0.000447,-0.000311,-0.000324,'2014-10-05 17:49:18');



CREATE TABLE Station
 (
   station_id INTEGER PRIMARY KEY AUTOINCREMENT,
   name VARCHAR(40) COLLATE nocase,
   system_id INTEGER NOT NULL,
   ls_from_star DOUBLE NOT NULL,

   UNIQUE (name),

   FOREIGN KEY (system_id) REFERENCES System(system_id)
   	ON UPDATE CASCADE
   	ON DELETE CASCADE
 );
INSERT INTO "Station" VALUES(1,'Beagle 2 Landing',4,0.0);
INSERT INTO "Station" VALUES(2,'Dahan Gateway',12,0.0);
INSERT INTO "Station" VALUES(3,'Freeport',38,0.0);
INSERT INTO "Station" VALUES(4,'Chango Dock',20,0.0);
INSERT INTO "Station" VALUES(5,'Azeban City',15,0.0);
INSERT INTO "Station" VALUES(6,'Aulin Enterprise',5,0.0);
INSERT INTO "Station" VALUES(7,'WCM Transfer Orbital',30,0.0);
INSERT INTO "Station" VALUES(8,'Romanenko Estate',44,0.0);
INSERT INTO "Station" VALUES(9,'Romanek''s Folly',41,0.0);
INSERT INTO "Station" VALUES(10,'Bradfield Orbital',45,0.0);
INSERT INTO "Station" VALUES(11,'Gorbatko Reserve',10,0.0);
INSERT INTO "Station" VALUES(12,'Cuffey Plant',2,0.0);
INSERT INTO "Station" VALUES(13,'Hay Point',42,0.0);
INSERT INTO "Station" VALUES(14,'Bresnik Mine',16,0.0);
INSERT INTO "Station" VALUES(15,'Vonarburg Co-operative',55,0.0);
INSERT INTO "Station" VALUES(16,'Olivas Settlement',7,0.0);
INSERT INTO "Station" VALUES(17,'Moxon''s Mojo',9,0.0);
INSERT INTO "Station" VALUES(18,'Bowersox Mines',48,0.0);
INSERT INTO "Station" VALUES(19,'Massimino Dock',29,0.0);
INSERT INTO "Station" VALUES(20,'Stone Enterprise',47,0.0);
INSERT INTO "Station" VALUES(21,'Derrickson''s Escape',22,0.0);
INSERT INTO "Station" VALUES(22,'Xiaoguan Hub',39,0.0);
INSERT INTO "Station" VALUES(23,'Gernhardt Camp',32,0.0);
INSERT INTO "Station" VALUES(24,'Lacaille Prospect',31,759.0);
INSERT INTO "Station" VALUES(25,'Maunder''s Hope',53,0.0);
INSERT INTO "Station" VALUES(26,'Novitski Oasis',43,0.0);
INSERT INTO "Station" VALUES(27,'Brooks Estate',46,0.0);
INSERT INTO "Station" VALUES(28,'Julian Market',3,0.0);
INSERT INTO "Station" VALUES(29,'Abnett Platform',28,0.0);
INSERT INTO "Station" VALUES(30,'Mcarthur''s Reach',33,0.0);
INSERT INTO "Station" VALUES(31,'Dezhurov Gateway',6,0.0);
INSERT INTO "Station" VALUES(32,'Hume Depot',21,0.0);
INSERT INTO "Station" VALUES(33,'Szulkin Mines',26,0.0);
INSERT INTO "Station" VALUES(34,'Baker Platform',25,0.0);
INSERT INTO "Station" VALUES(35,'Longyear Survey',37,0.0);
INSERT INTO "Station" VALUES(36,'Tasaki Freeport',27,0.0);
INSERT INTO "Station" VALUES(37,'Abetti Platform',49,0.0);
INSERT INTO "Station" VALUES(38,'Anderson Escape',11,2090000.0);
INSERT INTO "Station" VALUES(39,'Brislington',18,0.0);
INSERT INTO "Station" VALUES(40,'Burbank Camp',52,0.0);
INSERT INTO "Station" VALUES(41,'Wang Estate',50,0.0);
INSERT INTO "Station" VALUES(42,'Azeban Orbital',15,0.0);
INSERT INTO "Station" VALUES(43,'Eranin 4 Survey',15,0.0);
INSERT INTO "Station" VALUES(44,'Dahan 3 Metalworks',12,0.0);
INSERT INTO "Station" VALUES(45,'Bixby Station',51,0.0);
INSERT INTO "Station" VALUES(46,'Wingrove Platform',51,0.0);
INSERT INTO "Station" VALUES(47,'Maher Stellar Research',20,0.0);
INSERT INTO "Station" VALUES(48,'Harbaugh Station',5,0.0);
INSERT INTO "Station" VALUES(49,'Onufrienko Station',5,0.0);
INSERT INTO "Station" VALUES(50,'Foster Reseearch Lab',4,0.0);
INSERT INTO "Station" VALUES(51,'Prospect Five',38,0.0);
INSERT INTO "Station" VALUES(52,'Wang Terminal',9,0.0);
INSERT INTO "Station" VALUES(53,'Mastracchio Base',2,0.0);
INSERT INTO "Station" VALUES(54,'Hadwell Orbital',42,0.0);
INSERT INTO "Station" VALUES(55,'Keeler Rest',53,0.0);
INSERT INTO "Station" VALUES(56,'Burbank Platform',85,0.0);
INSERT INTO "Station" VALUES(57,'Redi Settlement',75,0.0);
INSERT INTO "Station" VALUES(58,'Wul Vision',160,0.0);
INSERT INTO "Station" VALUES(59,'Filter Horizons',61,0.0);
INSERT INTO "Station" VALUES(60,'Sawyer Outpost',193,0.0);
INSERT INTO "Station" VALUES(61,'Kiernan Refinery',157,0.0);
INSERT INTO "Station" VALUES(62,'Heyerdahl Depot',141,0.0);
INSERT INTO "Station" VALUES(63,'Barcelos Base',167,0.0);
INSERT INTO "Station" VALUES(64,'Shriver Camp',188,0.0);
INSERT INTO "Station" VALUES(65,'Pausch Settlement',127,0.0);
INSERT INTO "Station" VALUES(66,'Robinson Port',196,0.0);
INSERT INTO "Station" VALUES(67,'Nicollier Exchange',125,0.0);
INSERT INTO "Station" VALUES(68,'Galois Retreat',123,0.0);
INSERT INTO "Station" VALUES(69,'Favier Port',56,0.0);
INSERT INTO "Station" VALUES(70,'Volynov Dock',57,0.0);
INSERT INTO "Station" VALUES(71,'Stephenson Hub',58,0.0);
INSERT INTO "Station" VALUES(72,'Soukup Colony',59,0.0);
INSERT INTO "Station" VALUES(73,'Linteris Colony',60,0.0);
INSERT INTO "Station" VALUES(74,'Burton Terminal',62,0.0);
INSERT INTO "Station" VALUES(75,'Lysenko Ring',63,0.0);
INSERT INTO "Station" VALUES(76,'Harrison Beacon',64,0.0);
INSERT INTO "Station" VALUES(77,'Ito Stop',65,0.0);
INSERT INTO "Station" VALUES(78,'Ashby Port',66,0.0);
INSERT INTO "Station" VALUES(79,'Lessing Refinery',67,0.0);
INSERT INTO "Station" VALUES(80,'Garan Landing',68,0.0);
INSERT INTO "Station" VALUES(81,'Morgan Stop',69,0.0);
INSERT INTO "Station" VALUES(82,'Haignere Platform',70,0.0);
INSERT INTO "Station" VALUES(83,'Brunton Platform',71,0.0);
INSERT INTO "Station" VALUES(84,'Brule Colony',72,0.0);
INSERT INTO "Station" VALUES(85,'Ride Vision',73,0.0);
INSERT INTO "Station" VALUES(86,'Cowper Asylum',74,0.0);
INSERT INTO "Station" VALUES(87,'Van Scyoc Landing',76,0.0);
INSERT INTO "Station" VALUES(88,'Aitken Station',77,0.0);
INSERT INTO "Station" VALUES(89,'Griffin Ring',78,0.0);
INSERT INTO "Station" VALUES(90,'AvoGadro Landing',79,0.0);
INSERT INTO "Station" VALUES(91,'Harbaugh Vision',80,0.0);
INSERT INTO "Station" VALUES(92,'Melvill Terminal',81,0.0);
INSERT INTO "Station" VALUES(93,'Linenger Landing',82,0.0);
INSERT INTO "Station" VALUES(94,'Hill Platform',84,0.0);
INSERT INTO "Station" VALUES(95,'Hartdog Dock',86,0.0);
INSERT INTO "Station" VALUES(96,'Boas Claim',164,0.0);
INSERT INTO "Station" VALUES(97,'Hirase Platform',54,0.0);
INSERT INTO "Station" VALUES(98,'Adams Dock',229,0.0);
INSERT INTO "Station" VALUES(99,'Ferguson Platform',229,0.0);
INSERT INTO "Station" VALUES(100,'Horowitz City',231,0.0);
INSERT INTO "Station" VALUES(101,'Hopkins Settlement',231,0.0);
INSERT INTO "Station" VALUES(102,'Zhen Outpost',231,0.0);
INSERT INTO "Station" VALUES(103,'Sy Base',31,0.0);
INSERT INTO "Station" VALUES(104,'Wundt Colony',87,0.0);
INSERT INTO "Station" VALUES(105,'Fox Colony',88,0.0);
INSERT INTO "Station" VALUES(106,'Scott Hub',89,0.0);
INSERT INTO "Station" VALUES(107,'Apgar Colony',90,0.0);
INSERT INTO "Station" VALUES(108,'Smith Colony',91,0.0);
INSERT INTO "Station" VALUES(109,'Lanier',93,0.0);
INSERT INTO "Station" VALUES(110,'Jacquard City',94,0.0);
INSERT INTO "Station" VALUES(111,'Peano Reserve',95,0.0);
INSERT INTO "Station" VALUES(112,'Of Merchiston Platform',99,0.0);
INSERT INTO "Station" VALUES(113,'Remec Hub',100,0.0);
INSERT INTO "Station" VALUES(114,'Shaw Platform',101,0.0);
INSERT INTO "Station" VALUES(115,'Amundsen Platform',102,0.0);
INSERT INTO "Station" VALUES(116,'Merle Dock',103,0.0);
INSERT INTO "Station" VALUES(117,'Thesiger Station',104,0.0);
INSERT INTO "Station" VALUES(118,'Shaw Outpost',105,0.0);
INSERT INTO "Station" VALUES(119,'Lichtenberg City',106,0.0);
INSERT INTO "Station" VALUES(120,'Comino Hub',107,0.0);
INSERT INTO "Station" VALUES(121,'Berezin Landing',108,0.0);
INSERT INTO "Station" VALUES(122,'Daley Estate',109,0.0);
INSERT INTO "Station" VALUES(123,'Massimino Refinery',110,0.0);
INSERT INTO "Station" VALUES(124,'Agnesi Terminal',111,0.0);
INSERT INTO "Station" VALUES(125,'Hovell Gateway',113,0.0);
INSERT INTO "Station" VALUES(126,'Bradbury Colony',114,0.0);
INSERT INTO "Station" VALUES(127,'Moon Platform',115,0.0);
INSERT INTO "Station" VALUES(128,'Bryant Colony',116,0.0);
INSERT INTO "Station" VALUES(129,'Wundt Holdings',117,0.0);
INSERT INTO "Station" VALUES(130,'Whitworth Vision',120,0.0);
INSERT INTO "Station" VALUES(131,'Bosch Base',121,0.0);
INSERT INTO "Station" VALUES(132,'Cernan City',122,0.0);
INSERT INTO "Station" VALUES(133,'Kazantsev Inheritance',124,0.0);
INSERT INTO "Station" VALUES(134,'Goeppert-Mayer Gateway',128,0.0);
INSERT INTO "Station" VALUES(135,'Coulomb Gateway',129,0.0);
INSERT INTO "Station" VALUES(136,'Paulmier De Gonneville Arena',130,0.0);
INSERT INTO "Station" VALUES(137,'Fisher Platform',131,0.0);
INSERT INTO "Station" VALUES(139,'Wisoff Survey',132,0.0);
INSERT INTO "Station" VALUES(140,'Skolem Settlement',133,0.0);
INSERT INTO "Station" VALUES(141,'Berezin Terminal',134,0.0);
INSERT INTO "Station" VALUES(142,'Leclerc Settlement',135,0.0);
INSERT INTO "Station" VALUES(143,'Bosch Station',136,0.0);
INSERT INTO "Station" VALUES(144,'Preuss Laboratory',137,0.0);
INSERT INTO "Station" VALUES(145,'Hale Landing',138,0.0);
INSERT INTO "Station" VALUES(146,'Liwei Camp',139,0.0);
INSERT INTO "Station" VALUES(147,'Franke Orbital',140,0.0);
INSERT INTO "Station" VALUES(148,'Finch City',143,0.0);
INSERT INTO "Station" VALUES(149,'Gelfand Survey',144,0.0);
INSERT INTO "Station" VALUES(150,'Murray Port',145,0.0);
INSERT INTO "Station" VALUES(151,'Stuart Ring',147,0.0);
INSERT INTO "Station" VALUES(152,'Hertz Hub',148,0.0);
INSERT INTO "Station" VALUES(153,'Brackett Terminal',149,0.0);
INSERT INTO "Station" VALUES(154,'Nicollier City',150,0.0);
INSERT INTO "Station" VALUES(155,'Pauling Beacon',152,0.0);
INSERT INTO "Station" VALUES(156,'Klimuk Landing',153,0.0);
INSERT INTO "Station" VALUES(157,'Akiyama Holdings',155,0.0);
INSERT INTO "Station" VALUES(158,'Artsebarsky Port',156,0.0);
INSERT INTO "Station" VALUES(159,'Hodgkinson Terminal',158,0.0);
INSERT INTO "Station" VALUES(160,'Sullivan Port',159,0.0);
INSERT INTO "Station" VALUES(161,'Siemens Colony',161,0.0);
INSERT INTO "Station" VALUES(162,'Fullerton City',162,0.0);
INSERT INTO "Station" VALUES(163,'Padalka Installation',162,0.0);
INSERT INTO "Station" VALUES(164,'Apgar Landing',166,0.0);
INSERT INTO "Station" VALUES(165,'Sterkalov Settlement',168,0.0);
INSERT INTO "Station" VALUES(166,'Fowler Estate',171,0.0);
INSERT INTO "Station" VALUES(167,'Wright Camp',172,0.0);
INSERT INTO "Station" VALUES(168,'Feustel Station',173,0.0);
INSERT INTO "Station" VALUES(169,'Frobenius Platform',175,0.0);
INSERT INTO "Station" VALUES(170,'Hughes-Fulford Base',176,0.0);
INSERT INTO "Station" VALUES(171,'Goldstein Mines',177,0.0);
INSERT INTO "Station" VALUES(172,'Khayyam Outpost',178,0.0);
INSERT INTO "Station" VALUES(173,'Hirase Terminal',180,0.0);
INSERT INTO "Station" VALUES(174,'Mitra Claim',181,0.0);
INSERT INTO "Station" VALUES(175,'Zamka Dock',182,0.0);
INSERT INTO "Station" VALUES(176,'Gardner Dock',184,0.0);
INSERT INTO "Station" VALUES(177,'Linaweaver Platform',185,0.0);
INSERT INTO "Station" VALUES(178,'Ashton Enterprise',186,0.0);
INSERT INTO "Station" VALUES(179,'Strekalov Terminal',187,0.0);
INSERT INTO "Station" VALUES(180,'Darwin Terminal',189,0.0);
INSERT INTO "Station" VALUES(181,'Kurland Dock',190,0.0);
INSERT INTO "Station" VALUES(182,'Bush High',191,0.0);
INSERT INTO "Station" VALUES(183,'Noblehome',192,0.0);
INSERT INTO "Station" VALUES(184,'Andreas Horizons',194,0.0);
INSERT INTO "Station" VALUES(185,'Clement Plant',195,0.0);
INSERT INTO "Station" VALUES(186,'Hobaugh Beacon',197,0.0);
INSERT INTO "Station" VALUES(187,'Horowitz Reserve',198,0.0);
INSERT INTO "Station" VALUES(188,'Harris Hospital',199,0.0);
INSERT INTO "Station" VALUES(189,'Revin Laboratory',200,0.0);
INSERT INTO "Station" VALUES(190,'Armstrong Dock',201,0.0);
INSERT INTO "Station" VALUES(191,'Battuta Terminal',202,0.0);
INSERT INTO "Station" VALUES(192,'Budarin Outpost',204,0.0);
INSERT INTO "Station" VALUES(193,'Christopher Colony',205,0.0);
INSERT INTO "Station" VALUES(194,'Ziemkiewicz Legacy',206,0.0);
INSERT INTO "Station" VALUES(195,'Fife Ring',207,0.0);
INSERT INTO "Station" VALUES(196,'Dutton Beacon',208,0.0);
INSERT INTO "Station" VALUES(197,'Resnik Dock',209,0.0);
INSERT INTO "Station" VALUES(198,'Rasmussen Relay',211,0.0);
INSERT INTO "Station" VALUES(199,'Ray Colony',212,0.0);
INSERT INTO "Station" VALUES(200,'Ejeta Station',213,0.0);
INSERT INTO "Station" VALUES(201,'Hurston Base',215,0.0);
INSERT INTO "Station" VALUES(202,'Fort Harrison',216,0.0);
INSERT INTO "Station" VALUES(203,'Onnes Gateway',217,0.0);
INSERT INTO "Station" VALUES(204,'Burkin Depot',218,0.0);
INSERT INTO "Station" VALUES(205,'Schade Dock',219,0.0);
INSERT INTO "Station" VALUES(206,'Speke Dock',222,0.0);
INSERT INTO "Station" VALUES(207,'Pangborn Point',223,0.0);
INSERT INTO "Station" VALUES(208,'Conrad Colony',224,0.0);
INSERT INTO "Station" VALUES(209,'Landsteiner Plant',225,0.0);
INSERT INTO "Station" VALUES(210,'Jernigan Landing',226,0.0);
INSERT INTO "Station" VALUES(211,'Joliot-Curie Port',227,0.0);
INSERT INTO "Station" VALUES(212,'Dupuy De Lome Holdings',228,0.0);
INSERT INTO "Station" VALUES(213,'Peral Installation',232,0.0);
INSERT INTO "Station" VALUES(214,'Isherwood Ring',233,0.0);
INSERT INTO "Station" VALUES(215,'Williams Point',234,0.0);
INSERT INTO "Station" VALUES(216,'Paul-Friedrichs Expedition Base Camp',235,0.0);
INSERT INTO "Station" VALUES(217,'Fraas Dock',236,0.0);
INSERT INTO "Station" VALUES(218,'Trinh Dock',237,0.0);
INSERT INTO "Station" VALUES(219,'Lockyer Rest',238,0.0);
INSERT INTO "Station" VALUES(220,'Richards Station',239,0.0);
INSERT INTO "Station" VALUES(221,'Guidoni Landing',240,0.0);
INSERT INTO "Station" VALUES(222,'Gannt Enterprise',241,0.0);
INSERT INTO "Station" VALUES(223,'Solovyov Colony',242,0.0);
INSERT INTO "Station" VALUES(224,'Comino Dock',243,0.0);
INSERT INTO "Station" VALUES(225,'Nelson Port',244,0.0);
INSERT INTO "Station" VALUES(226,'Mcmonagle Hub',246,0.0);
INSERT INTO "Station" VALUES(227,'Volterra Refinery',247,0.0);
INSERT INTO "Station" VALUES(228,'Al-Khalili Refinery',248,0.0);
INSERT INTO "Station" VALUES(229,'Roberts Camp',249,0.0);
INSERT INTO "Station" VALUES(230,'Fourneyron Station',251,0.0);
INSERT INTO "Station" VALUES(231,'Linenger Hub',252,0.0);
INSERT INTO "Station" VALUES(232,'Tun Wart',254,0.0);
INSERT INTO "Station" VALUES(233,'Bradley Inheritance',255,0.0);
INSERT INTO "Station" VALUES(234,'Browns Port',256,0.0);
INSERT INTO "Station" VALUES(235,'Low Landing',257,0.0);
INSERT INTO "Station" VALUES(236,'Nansen Inheritance',258,0.0);
INSERT INTO "Station" VALUES(237,'Humboldt Prospect',259,0.0);
INSERT INTO "Station" VALUES(238,'Diesel Survey',260,0.0);
INSERT INTO "Station" VALUES(239,'Daimler Settlement',261,0.0);
INSERT INTO "Station" VALUES(240,'Volkov Plant',262,0.0);
INSERT INTO "Station" VALUES(241,'Springer Port',263,0.0);
INSERT INTO "Station" VALUES(242,'Al-Khayyam Colony',264,0.0);
INSERT INTO "Station" VALUES(243,'Clifford Point',265,0.0);
INSERT INTO "Station" VALUES(244,'Murray Claim',266,0.0);
INSERT INTO "Station" VALUES(245,'Gurragchaa Station',268,0.0);
INSERT INTO "Station" VALUES(246,'Vaugh Dock',269,0.0);
INSERT INTO "Station" VALUES(247,'Cox Ring',273,0.0);
INSERT INTO "Station" VALUES(248,'Mitchell Refinery',274,0.0);
INSERT INTO "Station" VALUES(249,'Renenbellot Oasis',275,0.0);
INSERT INTO "Station" VALUES(250,'Bruce Terminal',276,0.0);
INSERT INTO "Station" VALUES(251,'Onufriyenko Retreat',277,0.0);
INSERT INTO "Station" VALUES(252,'Leeuwenhoek Works',278,0.0);
INSERT INTO "Station" VALUES(253,'Gardner Gateway',279,0.0);
INSERT INTO "Station" VALUES(254,'Mcculley Refinery',280,0.0);
INSERT INTO "Station" VALUES(255,'Pike Vision',281,0.0);
INSERT INTO "Station" VALUES(256,'Reynolds Colony',282,0.0);
INSERT INTO "Station" VALUES(257,'Onufrienko Hanger',283,0.0);
INSERT INTO "Station" VALUES(258,'Glashow Settlement',284,0.0);
INSERT INTO "Station" VALUES(259,'Ryman Dock',285,0.0);
INSERT INTO "Station" VALUES(260,'Coleman Settlement',286,0.0);
INSERT INTO "Station" VALUES(261,'Springer City',287,0.0);
INSERT INTO "Station" VALUES(262,'Schottky Port',288,0.0);
INSERT INTO "Station" VALUES(263,'Malyshev Depot',289,0.0);
INSERT INTO "Station" VALUES(264,'Bryant''s Colony',290,0.0); -- Had to add an apostrophe since there is already another station with the same name.
INSERT INTO "Station" VALUES(265,'Trevithick Hub',291,0.0);
INSERT INTO "Station" VALUES(266,'Wiley Port',292,0.0);
INSERT INTO "Station" VALUES(267,'Jemison Plant',293,0.0);
INSERT INTO "Station" VALUES(268,'Maclean Station',294,0.0);
INSERT INTO "Station" VALUES(269,'Moore Station',295,0.0);
INSERT INTO "Station" VALUES(270,'Stephens Terminal',296,0.0);
INSERT INTO "Station" VALUES(271,'Weyl Estate',297,0.0);
INSERT INTO "Station" VALUES(272,'Murrays Port',298,0.0);
INSERT INTO "Station" VALUES(273,'Lockhart Enterprise',299,0.0);
INSERT INTO "Station" VALUES(274,'Scheickart Depot',300,0.0);
INSERT INTO "Station" VALUES(275,'Kadenyuk Camp',301,0.0);
INSERT INTO "Station" VALUES(276,'Weierstrass Refinery',302,0.0);
INSERT INTO "Station" VALUES(277,'Chomsky Orbital',303,0.0);
INSERT INTO "Station" VALUES(278,'Lefschetz Installation',304,0.0);
INSERT INTO "Station" VALUES(279,'Pudwill Gorie Port',305,0.0);
INSERT INTO "Station" VALUES(280,'Mcmullen Installation',306,0.0);
INSERT INTO "Station" VALUES(281,'Windt Plant',307,0.0);
INSERT INTO "Station" VALUES(282,'Piccard Point',308,0.0);
INSERT INTO "Station" VALUES(283,'Griffith Terminal',309,0.0);
INSERT INTO "Station" VALUES(284,'Moseley Park',311,0.0);
INSERT INTO "Station" VALUES(285,'Kippax Depot',312,0.0);





CREATE TABLE Ship
 (
   ship_id INTEGER PRIMARY KEY AUTOINCREMENT,
   name VARCHAR(40) COLLATE nocase,
   capacity INTEGER NOT NULL,
   mass INTEGER NOT NULL,
   drive_rating DOUBLE NOT NULL,
   max_ly_empty DOUBLE NOT NULL,
   max_ly_full DOUBLE NOT NULL,
   max_speed INTEGER NOT NULL,
   boost_speed INTEGER NOT NULL,

   UNIQUE (name)
 );
INSERT INTO "Ship" VALUES(1,'Eagle',6,52,348.0,6.59,6.0,240,350);
INSERT INTO "Ship" VALUES(2,'Sidewinder',4,47,348.0,8.13,7.25,220,293);
INSERT INTO "Ship" VALUES(3,'Hauler',16,39,348.0,8.74,6.1,200,246);
INSERT INTO "Ship" VALUES(4,'Viper',8,40,348.0,13.49,9.16,320,500);
INSERT INTO "Ship" VALUES(5,'Cobra',36,114,1155.0,9.94,7.3,280,400);
INSERT INTO "Ship" VALUES(6,'Lakon Type 6',100,113,3455.0,29.36,15.64,220,329);
INSERT INTO "Ship" VALUES(7,'Lakon Type 9',440,1275,23720.0,18.22,13.34,130,200);
INSERT INTO "Ship" VALUES(8,'Anaconda',228,2600,52345.0,19.7,17.6,180,235);

CREATE TABLE ShipVendor
 (
   ship_id INTEGER NOT NULL,
   station_id INTEGER NOT NULL,
   cost INTEGER,

   PRIMARY KEY (ship_id, station_id),

   FOREIGN KEY (ship_id) REFERENCES Ship(ship_id)
   	ON UPDATE CASCADE
   	ON DELETE CASCADE,
   FOREIGN KEY (station_id) REFERENCES Station(station_id)
   	ON UPDATE CASCADE
   	ON DELETE CASCADE
 ) WITHOUT ROWID
;
INSERT INTO "ShipVendor" VALUES(1,1,0);
INSERT INTO "ShipVendor" VALUES(1,6,0);
INSERT INTO "ShipVendor" VALUES(2,1,0);
INSERT INTO "ShipVendor" VALUES(2,6,0);
INSERT INTO "ShipVendor" VALUES(3,1,0);
INSERT INTO "ShipVendor" VALUES(3,6,0);
INSERT INTO "ShipVendor" VALUES(4,1,0);
INSERT INTO "ShipVendor" VALUES(4,4,0);
INSERT INTO "ShipVendor" VALUES(4,6,0);
INSERT INTO "ShipVendor" VALUES(5,4,0);
INSERT INTO "ShipVendor" VALUES(5,6,0);
INSERT INTO "ShipVendor" VALUES(6,4,0);
INSERT INTO "ShipVendor" VALUES(6,6,0);
INSERT INTO "ShipVendor" VALUES(6,15,0);
INSERT INTO "ShipVendor" VALUES(7,4,0);
INSERT INTO "ShipVendor" VALUES(8,24,0);

CREATE TABLE Upgrade
 (
   upgrade_id INTEGER PRIMARY KEY AUTOINCREMENT,
   name VARCHAR(40) COLLATE nocase,
   weight NUMBER NOT NULL,

   UNIQUE (name)
 );

CREATE TABLE UpgradeVendor
 (
   upgrade_id INTEGER NOT NULL,
   station_id INTEGER NOT NULL,
   cost INTEGER,

   PRIMARY KEY (upgrade_id, station_id),

   FOREIGN KEY (upgrade_id) REFERENCES Upgrade(upgrade_id)
   	ON UPDATE CASCADE
   	ON DELETE CASCADE,
   FOREIGN KEY (station_id) REFERENCES Station(station_id)
   	ON UPDATE CASCADE
   	ON DELETE CASCADE
 ) WITHOUT ROWID
;

CREATE TABLE Category
 (
   category_id INTEGER PRIMARY KEY AUTOINCREMENT,
   name VARCHAR(40) COLLATE nocase,

   UNIQUE (name)
 );
INSERT INTO "Category" VALUES(1,'Chemicals');
INSERT INTO "Category" VALUES(2,'Consumer Items');
INSERT INTO "Category" VALUES(3,'Foods');
INSERT INTO "Category" VALUES(4,'Industrial Materials');
INSERT INTO "Category" VALUES(5,'Medicines');
INSERT INTO "Category" VALUES(6,'Metals');
INSERT INTO "Category" VALUES(7,'Minerals');
INSERT INTO "Category" VALUES(8,'Technology');
INSERT INTO "Category" VALUES(9,'Waste');
INSERT INTO "Category" VALUES(10,'Weapons');
INSERT INTO "Category" VALUES(11,'Drugs');
INSERT INTO "Category" VALUES(12,'Machinery');
INSERT INTO "Category" VALUES(13,'Textiles');

CREATE TABLE Item
 (
   item_id INTEGER PRIMARY KEY AUTOINCREMENT,
   name VARCHAR(40) COLLATE nocase,
   category_id INTEGER NOT NULL,

   UNIQUE (category_id, name),

   FOREIGN KEY (category_id) REFERENCES Category(category_id)
   	ON UPDATE CASCADE
   	ON DELETE CASCADE
 );
INSERT INTO "Item" VALUES(1,'Explosives',1);
INSERT INTO "Item" VALUES(2,'Hydrogen Fuels',1);
INSERT INTO "Item" VALUES(3,'Mineral Oil',1);
INSERT INTO "Item" VALUES(4,'Pesticides',1);
INSERT INTO "Item" VALUES(5,'Clothing',2);
INSERT INTO "Item" VALUES(6,'Consumer Tech',2);
INSERT INTO "Item" VALUES(7,'Dom. Appliances',2);
INSERT INTO "Item" VALUES(8,'Algae',3);
INSERT INTO "Item" VALUES(9,'Animal Meat',3);
INSERT INTO "Item" VALUES(10,'Coffee',3);
INSERT INTO "Item" VALUES(11,'Fish',3);
INSERT INTO "Item" VALUES(12,'Food Cartridges',3);
INSERT INTO "Item" VALUES(13,'Grain',3);
INSERT INTO "Item" VALUES(14,'Tea',3);
INSERT INTO "Item" VALUES(15,'Alloys',4);
INSERT INTO "Item" VALUES(16,'Plastics',4);
INSERT INTO "Item" VALUES(17,'Basic Medicines',5);
INSERT INTO "Item" VALUES(18,'Aluminium',6);
INSERT INTO "Item" VALUES(19,'Copper',6);
INSERT INTO "Item" VALUES(20,'Gold',6);
INSERT INTO "Item" VALUES(21,'Tantalum',6);
INSERT INTO "Item" VALUES(22,'Titanium',6);
INSERT INTO "Item" VALUES(23,'Bauxite',7);
INSERT INTO "Item" VALUES(24,'Coltan',7);
INSERT INTO "Item" VALUES(25,'Rutile',7);
INSERT INTO "Item" VALUES(26,'Advanced Catalysers',8);
INSERT INTO "Item" VALUES(27,'Animal Monitors',8);
INSERT INTO "Item" VALUES(28,'Aquaponic Systems',8);
INSERT INTO "Item" VALUES(29,'Computer Components',8);
INSERT INTO "Item" VALUES(30,'Robotics',8);
INSERT INTO "Item" VALUES(31,'Terrain Enrich Sys',8);
INSERT INTO "Item" VALUES(32,'Biowaste',9);
INSERT INTO "Item" VALUES(33,'Scrap',9);
INSERT INTO "Item" VALUES(34,'Reactive Armor',10);
INSERT INTO "Item" VALUES(35,'Personal Weapons',10);
INSERT INTO "Item" VALUES(36,'Liquor',11);
INSERT INTO "Item" VALUES(37,'Crop Harvesters',12);
INSERT INTO "Item" VALUES(38,'Marine Supplies',12);
INSERT INTO "Item" VALUES(39,'Cotton',13);
INSERT INTO "Item" VALUES(40,'Leather',13);
INSERT INTO "Item" VALUES(41,'Hel-Static Furnaces',12);
INSERT INTO "Item" VALUES(42,'Mineral Extractors',12);
INSERT INTO "Item" VALUES(43,'Progenitor Cells',5);
INSERT INTO "Item" VALUES(44,'Performance Enhancers',5);
INSERT INTO "Item" VALUES(45,'Agri-Medicines',5);
INSERT INTO "Item" VALUES(46,'Combat Stabilisers',5);
INSERT INTO "Item" VALUES(47,'Auto-Fabricators',8);
INSERT INTO "Item" VALUES(48,'H.E. Suits',8);
INSERT INTO "Item" VALUES(49,'Non-Lethal Wpns',10);
INSERT INTO "Item" VALUES(50,'Narcotics',11);
INSERT INTO "Item" VALUES(51,'Resonating Separators',8);
INSERT INTO "Item" VALUES(52,'Bertrandite',7);
INSERT INTO "Item" VALUES(53,'Bioreducing Lichen',8);
INSERT INTO "Item" VALUES(54,'Indite',7);
INSERT INTO "Item" VALUES(55,'Gallite',7);
INSERT INTO "Item" VALUES(56,'Lepidolite',7);
INSERT INTO "Item" VALUES(57,'Beer',11);
INSERT INTO "Item" VALUES(58,'Wine',11);
INSERT INTO "Item" VALUES(59,'Fruit and Vegetables',3);
INSERT INTO "Item" VALUES(60,'Synthetic Meat',3);
INSERT INTO "Item" VALUES(61,'Superconductors',4);
INSERT INTO "Item" VALUES(62,'Silver',6);
INSERT INTO "Item" VALUES(63,'Lithium',6);
INSERT INTO "Item" VALUES(64,'Palladium',6);
INSERT INTO "Item" VALUES(65,'Cobalt',6);
INSERT INTO "Item" VALUES(66,'Indium',6);
INSERT INTO "Item" VALUES(67,'Uranium',6);
INSERT INTO "Item" VALUES(68,'Gallium',6);
INSERT INTO "Item" VALUES(69,'Beryllium',6);
INSERT INTO "Item" VALUES(70,'Semiconductors',4);
INSERT INTO "Item" VALUES(71,'Polymers',4);
INSERT INTO "Item" VALUES(72,'Natural Fabrics',13);
INSERT INTO "Item" VALUES(73,'Synthetic Fabrics',13);
INSERT INTO "Item" VALUES(74,'Uraninite',7);
INSERT INTO "Item" VALUES(75,'Tobacco',11);

-- Some items have two versions of their name.
CREATE TABLE AltItemNames
 (
   alt_name VARCHAR(40) NOT NULL COLLATE nocase,
   item_id INTEGER NOT NULL,

   PRIMARY KEY (alt_name, item_id)
 )
;
INSERT INTO AltItemNames VALUES ('consumertechnology', (SELECT item_id FROM Item WHERE name = 'Consumer Tech'));
INSERT INTO AltItemNames VALUES ('domesticappliances', (SELECT item_id FROM Item WHERE name = 'Dom. Appliances'));
INSERT INTO AltItemNames VALUES ('basicnarcotics', (SELECT item_id FROM Item WHERE name = 'Narcotics'));
INSERT INTO AltItemNames VALUES ('heliostaticfurnaces', (SELECT item_id FROM Item WHERE name = 'Hel-Static Furnaces'));
INSERT INTO AltItemNames VALUES ('agriculturalmedicines', (SELECT item_id FROM Item WHERE name = 'Agri-Medicines'));
INSERT INTO AltItemNames VALUES ('hazardousenvironmentsuits', (SELECT item_id FROM Item WHERE name = 'H.E. Suits'));
INSERT INTO AltItemNames VALUES ('terrainenrichmentsystems', (SELECT item_id FROM Item WHERE name = 'Terrain Enrich Sys'));
INSERT INTO AltItemNames VALUES ('nonlethalweapons', (SELECT item_id FROM Item WHERE name = 'Non-Lethal Wpns'));
INSERT INTO AltItemNames VALUES ('reactivearmour', (SELECT item_id FROM Item WHERE name = 'Reactive Armor'));

CREATE TABLE Price
 (
   item_id INTEGER NOT NULL,
   station_id INTEGER NOT NULL,
   ui_order INTEGER NOT NULL DEFAULT 0,
   -- how many credits will the station pay for this item?
   sell_to INTEGER NOT NULL,
   -- how many credits must you pay to buy at this station?
   buy_from INTEGER NOT NULL DEFAULT 0,
   modified DATETIME DEFAULT CURRENT_TIMESTAMP NOT NULL,
   demand INTEGER DEFAULT -1,
   demand_level INTEGER DEFAULT -1,
   stock INTEGER DEFAULT -1,
   stock_level INTEGER DEFAULT -1,

   PRIMARY KEY (item_id, station_id),

   FOREIGN KEY (item_id) REFERENCES Item(item_id)
   	ON UPDATE CASCADE
      ON DELETE CASCADE,
   FOREIGN KEY (station_id) REFERENCES Station(station_id)
   	ON UPDATE CASCADE
      ON DELETE CASCADE
 ) WITHOUT ROWID
;

-- Some views I use now and again.

CREATE VIEW vPriceDataAge AS
    SELECT System.name, MIN(Price.modified)
      FROM ((System INNER JOIN Station ON System.system_id = Station.system_id)
            INNER JOIN Price on Station.station_id = Price.station_id)
     GROUP BY 1
     ORDER BY 2 DESC
;

CREATE VIEW vOlderData AS
    SELECT System.name, MIN(Price.modified)
      FROM ((System INNER JOIN Station ON System.system_id = Station.system_id)
            INNER JOIN Price on Station.station_id = Price.station_id)
     WHERE Price.modified <= DATETIME(CURRENT_TIMESTAMP, '-2 day')
     GROUP BY 1
     ORDER BY 2 DESC
;

CREATE VIEW vForSale AS
   SELECT sy.name AS system
        , st.name AS station
        , c.name  AS category
        , i.name  AS item
        , p.buy_from AS asking
        , p.stock
        , p.stock_level
        , p.sell_to AS paying
        , p.demand
        , p.demand_level
        , STRFTIME('%s', 'now') - STRFTIME('%s', p.modified) AS age
     FROM System AS sy
          INNER JOIN Station as st ON (sy.system_id = st.system_id)
          INNER JOIN Price AS p ON (st.station_id = p.station_id)
          INNER JOIN Item AS I ON (p.item_id = i.item_id)
          INNER JOIN Category AS C on (i.category_id = c.category_id)
;

CREATE VIEW vForSaleOrdered AS
   SELECT * FROM vForSale ORDER BY system, station, category, item
;

COMMIT;
